,accuracy,precision,recall,f1,roc_auc
logistic,0.8387031680904016,0.6604969574036511,0.710971615720524,0.6848054679284963,0.8675541914654022
random_forest,1.0,1.0,1.0,1.0,1.0
xgboost,0.9998991054012242,0.9995907788841905,1.0,0.9997953475680469,0.9999896614414728
mlp,0.9990919486110177,0.997004765146358,0.9993176855895196,0.9981598855039869,0.9998838122644941
